Model,Accuracy,Precision,Recall,F1-Score,Training_Time_s
LinearSVC,0.9602007888131947,0.9476912369624689,0.9439626760856266,0.9458137146432016,0.5620968341827393
VotingEnsemble,0.957690928648261,0.9511344756972306,0.9359904317934262,0.9433529543360896,1.0917069911956787
MultinomialNB,0.951954105414127,0.9505876065323001,0.920675591683938,0.9348527138568721,0.011989116668701172
LogisticRegression,0.9483685908927931,0.937942622934258,0.9217214997016926,0.9294496153908026,0.5411708354949951
