Model,Accuracy,Precision,Recall,F1-Score,Training_Time_s
LinearSVC,0.9587665830046612,0.9464590846563611,0.9422905326998706,0.9443590237750549,0.22558975219726562
VotingEnsemble,0.9569738257439943,0.9502543734458267,0.9350882850167594,0.9424553641902791,0.4606339931488037
MultinomialNB,0.9508784510577268,0.9479886226538204,0.919655764018991,0.9331178161927154,0.0036661624908447266
LogisticRegression,0.9476514879885264,0.93758965277115,0.920753277841237,0.9287161740671591,0.19772553443908691
